{
    "name": "Rift dodge",
    "description": "[Passive] Thanks to your ability to rip space you can dodge some attacks",
    "type": "origins:multiple",
    "iframes":
    {
        "type": "origins:modify_damage_taken",
        "modifier":
        {
            "operation": "multiply_total",
            "value": -1
        },
        "condition":
        {
            "type": "origins:resource",
            "resource": "koffe:dodge_charges",
            "comparison": "!=",
            "compare_to": 0
        },
        "damage_condition":
        {
            "type": "origins:or",
            "conditions": [
                {
                    "type": "origins:name",
                    "name": "inFire"
                },
                {
                    "type": "origins:name",
                    "name": "lightningBolt"
                },
                {
                    "type": "origins:name",
                    "name": "onFire"
                },
                {
                    "type": "origins:name",
                    "name": "lava"
                },
                {
                    "type": "origins:name",
                    "name": "hotFloor"
                },
                {
                    "type": "origins:name",
                    "name": "inWall"
                },
                {
                    "type": "origins:name",
                    "name": "cramming"
                },
                {
                    "type": "origins:name",
                    "name": "drown"
                },
                {
                    "type": "origins:name",
                    "name": "cactus"
                },
                {
                    "type": "origins:name",
                    "name": "fall"
                },
                {
                    "type": "origins:name",
                    "name": "flyIntoWall"
                },
                {
                    "type": "origins:name",
                    "name": "generic"
                },
                {
                    "type": "origins:name",
                    "name": "magic"
                },
                {
                    "type": "origins:name",
                    "name": "wither"
                },
                {
                    "type": "origins:name",
                    "name": "anvil"
                },
                {
                    "type": "origins:name",
                    "name": "fallingBlock"
                },
                {
                    "type": "origins:name",
                    "name": "dragonBreath"
                },
                {
                    "type": "origins:name",
                    "name": "sweetBerryBush"
                },
                {
                    "type": "origins:name",
                    "name": "sting"
                },
                {
                    "type": "origins:name",
                    "name": "mob"
                },
                {
                    "type": "origins:name",
                    "name": "player"
                },
                {
                    "type": "origins:name",
                    "name": "arrow"
                },
                {
                    "type": "origins:name",
                    "name": "trident"
                },
                {
                    "type": "origins:name",
                    "name": "fireworks"
                },
                {
                    "type": "origins:name",
                    "name": "witherSkull"
                },
                {
                    "type": "origins:name",
                    "name": "thrown"
                },
                {
                    "type": "origins:name",
                    "name": "indirectMagic"
                },
                {
                    "type": "origins:name",
                    "name": "thorns"
                },
                {
                    "type": "origins:name",
                    "name": "explosion.player"
                },
                {
                    "type": "origins:name",
                    "name": "explosion"
                },
                {
                    "type": "origins:name",
                    "name": "badRespawnPoint"
                }
            ]
        }
    },
    "dodge":
    {
        "type": "origins:modify_damage_taken",
        "modifier":
        {
            "operation": "multiply_total",
            "value": 0
        },
        "condition":
        {
            "type": "origins:and",
            "conditions": [
                {
                    "type": "origins:resource",
                    "resource": "koffe:dodge_charges",
                    "comparison": "!=",
                    "compare_to": 0
                },
                {
                    "type": "origins:resource",
                    "resource": "koffe:dodge_iframecheck",
                    "comparison": "==",
                    "compare_to": 0
                },
                {
                    "type": "origins:health",
                    "comparison": "!=",
                    "compare_to": 0
                }
            ]
        },
        "damage_condition":
        {
            "type": "origins:or",
            "conditions": [
                {
                    "type": "origins:name",
                    "name": "inFire"
                },
                {
                    "type": "origins:name",
                    "name": "lightningBolt"
                },
                {
                    "type": "origins:name",
                    "name": "onFire"
                },
                {
                    "type": "origins:name",
                    "name": "lava"
                },
                {
                    "type": "origins:name",
                    "name": "hotFloor"
                },
                {
                    "type": "origins:name",
                    "name": "inWall"
                },
                {
                    "type": "origins:name",
                    "name": "cramming"
                },
                {
                    "type": "origins:name",
                    "name": "drown"
                },
                {
                    "type": "origins:name",
                    "name": "cactus"
                },
                {
                    "type": "origins:name",
                    "name": "fall"
                },
                {
                    "type": "origins:name",
                    "name": "flyIntoWall"
                },
                {
                    "type": "origins:name",
                    "name": "generic"
                },
                {
                    "type": "origins:name",
                    "name": "magic"
                },
                {
                    "type": "origins:name",
                    "name": "wither"
                },
                {
                    "type": "origins:name",
                    "name": "anvil"
                },
                {
                    "type": "origins:name",
                    "name": "fallingBlock"
                },
                {
                    "type": "origins:name",
                    "name": "dragonBreath"
                },
                {
                    "type": "origins:name",
                    "name": "sweetBerryBush"
                },
                {
                    "type": "origins:name",
                    "name": "sting"
                },
                {
                    "type": "origins:name",
                    "name": "mob"
                },
                {
                    "type": "origins:name",
                    "name": "player"
                },
                {
                    "type": "origins:name",
                    "name": "arrow"
                },
                {
                    "type": "origins:name",
                    "name": "trident"
                },
                {
                    "type": "origins:name",
                    "name": "fireworks"
                },
                {
                    "type": "origins:name",
                    "name": "witherSkull"
                },
                {
                    "type": "origins:name",
                    "name": "thrown"
                },
                {
                    "type": "origins:name",
                    "name": "indirectMagic"
                },
                {
                    "type": "origins:name",
                    "name": "thorns"
                },
                {
                    "type": "origins:name",
                    "name": "explosion.player"
                },
                {
                    "type": "origins:name",
                    "name": "explosion"
                },
                {
                    "type": "origins:name",
                    "name": "badRespawnPoint"
                }
            ]
        },
        "self_action":
        {
            "type": "origins:and",
            "actions": [
                {
                    "type": "origins:change_resource",
                    "resource": "koffe:dodge_iframecheck",
                    "change": 1
                },
                {
                    "type": "origins:execute_command",
                    "command": "tp @s ^ ^1 ^-1",
                    "permission_level": 5
                },
                {
                    "type": "origins:trigger_cooldown",
                    "power": "koffe:dodge_cooldown"
                },
                {
                    "type": "origins:change_resource",
                    "resource": "koffe:dodge_invis_timer",
                    "change": 200
                },
                {
                    "type": "origins:delay",
                    "ticks": 10,
                    "action":
                    {
                        "type": "origins:change_resource",
                        "resource": "koffe:dodge_charges",
                        "change": -1
                    }
                },
                {
                    "type": "origins:delay",
                    "ticks": 10,
                    "action":
                    {
                        "type": "origins:change_resource",
                        "resource": "koffe:dodge_iframecheck",
                        "change": -1
                    }
                }
            ]
        }
    },
    "cooldown":
    {
        "type": "origins:cooldown",
        "cooldown": 1000,
        "hud_render":
        {
            "should_render": true,
            "sprite_location": "origins:textures/gui/community/spiderkolo/resource_bar_03.png",
            "bar_index": 9
        }
    },
    "charges":
    {
        "type": "origins:resource",
        "min": 0,
	"max": 4,
        "hud_render":
        {
            "should_render": true,
			"sprite_location": "origins:textures/gui/community/spiderkolo/resource_bar_02.png",
            "bar_index": 8
        },
        "start_value": 4
    },
    "restore_charges":
    {
        "type": "origins:action_over_time",
        "interval": 2,
        "entity_action":
        {
            "type": "origins:change_resource",
            "resource": "koffe:dodge_charges",
            "change": 20
        },
        "condition":
        {
            "type": "origins:resource",
            "resource": "koffe:dodge_cooldown",
            "comparison": "==",
            "compare_to": 0
        }
    },
    "iframecheck":
    {
        "type": "origins:resource",
        "min": 0,
        "max": 1,
        "hud_render":
        {
            "should_render": false
        },
        "start_value": 0
    }
}







