{
	"type": "origins:multiple",
	"on": {
		"type": "origins:resource",
		"min": 0,
		"max": 1,
		"hud_render": {
			"should_render": false,
			"sprite_location": "origins:textures/gui/resource_bar.png",
			"bar_index": 5 
		}
	},
	"timer": {
		"type": "origins:resource",
		"min": 0,
		"max": 50,
		"hud_render": {
			"should_render": true,
			"sprite_location": "origins:textures/gui/community/spiderkolo/resource_bar_03.png",
			"bar_index": 7
		}
	},
	"toggle_on": {
		"type": "origins:active_self",
		"cooldown": 50,
		"hud_render": {
			"should_render": false,
			"sprite_location": "origins:textures/gui/resource_bar.png",
			"bar_index": 5
		},
		"key": {
			"key": "key.origins.primary_active"
		},
		"entity_action": {
			"type": "origins:if_else",
			"condition": {
				"type": "origins:resource",
				"resource": "koffe:warp_on",
				"comparison": "==",
				"compare_to": 1
			},
			"if_action": {
				"type": "origins:and",
				"actions": [{
						"type": "origins:change_resource",
						"resource": "koffe:warp_on",
						"change": -1
					},
					{
						"type": "origins:execute_command",
						"command": "playsound minecraft:block.beacon.power_select ambient @s ~ ~ ~ 10 2"
					}
				]
			},
			"else_action": {
				"type": "origins:and",
				"actions": [{
						"type": "origins:change_resource",
						"resource": "koffe:warp_on",
						"change": 1
					},
					{
						"type": "origins:execute_command",
						"command": "playsound minecraft:block.beacon.power_select ambient @s ~ ~ ~ 10 2"
					}
				]
			}
		}
	},
	"render":{
    "type": "origins:prevent_entity_render",
    "entity_condition": {
        "type": "origins:entity_type",
	"entity_type": "minecraft:player"
	},
	"condition": {
			"type": "origins:resource",
			"resource": "koffe:warp_on",
			"comparison": "==",
			"compare_to": 1
		}
    },
	"fast": {
		"type": "origins:modify_swim_speed",
		"modifier": {
			"operation": "addition",
			"value": 0.06
		},
		"condition": {
			"type": "origins:resource",
			"resource": "koffe:warp_on",
			"comparison": "==",
			"compare_to": 1
		}
	},
	"phase": {
		"type": "origins:phasing",
		"blacklist": true,
		"render_type": "blindness",
		"view_distance": 100,
		"block_condition": {
			"type": "origins:in_tag",
			"tag": "origins:unphasable"
		},
		"condition": {
			"type": "origins:resource",
			"resource": "koffe:warp_on",
			"comparison": "==",
			"compare_to": 1
		},
		"phase_down_condition": {
			"type": "origins:and",
			"conditions": [{
					"type": "origins:sneaking"
				},
				{
					"type": "origins:on_block"
				}
			]
		}
	},
	"invis": {
		"type": "origins:invisibility",
		"render_armor": false,
		"condition": {
			"type": "origins:resource",
			"resource": "koffe:warp_on",
			"comparison": "==",
			"compare_to": 1
		}
	},
	"shader": {
		"type": "origins:shader",
		"shader": "minecraft:shaders/post/desaturate.json",
		"condition": {
			"type": "origins:resource",
			"resource": "*:*_on",
			"comparison": "==",
			"compare_to": 1
		}
	},
	"block": {
		"type": "origins:prevent_block_use",
    "block_condition": {
      "type": "origins:block",
      "block": "minecraft:bedrock",
	  "inverted":true
		},
		"condition": {
			"type": "origins:resource",
			"resource": "koffe:warp_on",
			"comparison": "==",
			"compare_to": 1
		}
	},
	"fly": {
		"type": "origins:creative_flight",
		"condition": {
			"type": "origins:resource",
			"resource": "koffe:warp_on",
			"comparison": "==",
			"compare_to": 1
		}
	},
	"invul": {
		"type": "origins:invulnerability",
		"condition": {
			"type": "origins:resource",
			"resource": "koffe:warp_on",
			"comparison": "==",
			"compare_to": 1
		},
		"damage_condition": {
			"type": "origins:name",
			"name": "outOfWorld",
			"inverted": true
		}
	},
	"off": {
		"type": "origins:action_over_time",
		"interval": 10,
		"entity_action": {
			"type": "origins:and",
			"actions": [{
					"type": "origins:change_resource",
					"resource": "koffe:warp_on",
					"change": -1
				},
				{
					"type": "origins:execute_command",
					"command": "playsound minecraft:block.beacon.power_select ambient @s ~ ~ ~ 10 2"
				}
			]
		},
		"condition": {
			"type": "origins:resource",
			"resource": "koffe:warp_timer",
			"comparison": "==",
			"compare_to": 0
		}
	},
	"gen": {
		"type": "origins:action_over_time",
		"interval": 20,
		"entity_action": {
			"type": "origins:if_else",
			"condition": {
				"type": "origins:resource",
				"resource": "koffe:warp_on",
				"comparison": "==",
				"compare_to": 1
			},
			"if_action": {
				"type": "origins:change_resource",
				"resource": "koffe:warp_timer",
				"change": -1
			},
			"else_action": {
				"type": "origins:change_resource",
				"resource": "koffe:warp_timer",
				"change": 1
			}
		}
	},
	"name": "Rift",
	"description": "[Primary] You create a rift to another dimension, becoming immune to any type of damage, and becoming invisible."
}}